from,to,fromnID,tonID,vessels,Perc_tot,xx,yx,xy,yy
Mainland Beach 10,Homunga Bay,1376,1742,1,0.01496334,175.7914444,-36.69344444,175.9455817,-37.36152647
Mainland Oysters 22,Mainland Aquaculture 3,1684,1679,6,0.089780039,174.222284,-35.22000934,174.091542,-35.22973932
Mainland Mooring 36,Mainland Aquaculture 3,1116,1679,24,0.359120156,174.2344349,-35.23128279,174.091542,-35.22973932
Mainland Mooring 35,Mainland Aquaculture 3,1115,1679,16,0.239413437,174.1158118,-35.24542248,174.091542,-35.22973932
Mainland Mooring 45,Mainland Aquaculture 3,1125,1679,6,0.089780039,173.9259023,-35.02296557,174.091542,-35.22973932
Mainland Mooring 47,Mainland Aquaculture 3,1127,1679,2,0.02992668,174.3411403,-35.3128583,174.091542,-35.22973932
Mainland Oysters 12,Mainland Aquaculture 3,1663,1679,6,0.089780039,174.0151343,-35.11777579,174.091542,-35.22973932
Mainland Oysters 21,Mainland Aquaculture 3,1683,1679,19,0.284303457,174.1287836,-35.2517752,174.091542,-35.22973932
Mainland Mooring 28,Mainland Aquaculture 3,1108,1679,1,0.01496334,175.7728926,-36.60053899,174.091542,-35.22973932
Mainland Oysters 16,Mainland Aquaculture 4,1597,1689,1,0.01496334,175.1699538,-36.80293957,175.4513903,-36.73294846
Mainland Mussels 18,Mainland Aquaculture 4,1627,1689,1,0.01496334,175.4369037,-36.74994991,175.4513903,-36.73294846
Mainland Mooring 28,Mainland Aquaculture 4,1108,1689,1,0.01496334,175.7728926,-36.60053899,175.4513903,-36.73294846
Mainland Island 76,Mainland Aquaculture 4,1568,1689,1,0.01496334,175.3662661,-36.4419488,175.4513903,-36.73294846
Mainland Mooring 26,Mainland Aquaculture 4,1106,1689,2,0.02992668,175.4757936,-36.7642383,175.4513903,-36.73294846
Mainland Mooring 51,Mainland Aquaculture 4,1131,1689,5,0.074816699,175.3949998,-36.26189717,175.4513903,-36.73294846
Mainland Mooring 58,Mainland Aquaculture 4,1138,1689,1,0.01496334,174.9849346,-36.75476649,175.4513903,-36.73294846
Mainland Island 74,Mainland Beach 10,1566,1376,4,0.059853359,175.5515877,-36.59267813,175.7914444,-36.69344444
Mainland Mooring 51,Mainland Beach 10,1131,1376,1,0.01496334,175.3949998,-36.26189717,175.7914444,-36.69344444
Mainland CHS 63,Mainland Beach 24,1287,1390,1,0.01496334,175.4310681,-36.10812881,175.4841941,-36.24546418
Mainland Mooring 50,Mainland Beach 24,1130,1390,2,0.02992668,175.4843148,-36.32646577,175.4841941,-36.24546418
Mainland Mooring 52,Mainland Beach 24,1132,1390,1,0.01496334,175.345222,-36.16394119,175.4841941,-36.24546418
Mainland Beach 29,Mainland Beach 24,1395,1390,1,0.01496334,175.4821611,-36.15459448,175.4841941,-36.24546418
Mainland Mooring 28,Mainland Beach 29,1108,1395,1,0.01496334,175.7728926,-36.60053899,175.4821611,-36.15459448
Mainland Mussels 29,Mainland Beach 29,1625,1395,2,0.02992668,175.3419631,-36.1619629,175.4821611,-36.15459448
Mainland Island 79,Mainland Beach 29,1571,1395,1,0.01496334,175.4705181,-36.13340149,175.4821611,-36.15459448
Mainland Mooring 51,Mainland Beach 29,1131,1395,1,0.01496334,175.3949998,-36.26189717,175.4821611,-36.15459448
Mainland Marina 1,Mainland Beach 34,1053,1400,1,0.01496334,173.7419182,-35.06394306,173.3902896,-34.90263937
Mainland MR 2,Mainland Beach 69,1185,1436,2,0.02992668,176.2608625,-37.26126482,175.8625014,-36.87548225
Mainland Mooring 28,Mainland Beach 69,1108,1436,1,0.01496334,175.7728926,-36.60053899,175.8625014,-36.87548225
Mainland Mooring 51,Mainland Beach 69,1131,1436,1,0.01496334,175.3949998,-36.26189717,175.8625014,-36.87548225
Mainland Mooring 30,Mainland Beach 69,1110,1436,2,0.02992668,175.7147573,-36.82193521,175.8625014,-36.87548225
Mainland Mooring 47,Mainland Beach 70,1127,1437,1,0.01496334,174.3411403,-35.3128583,174.578853,-35.81785382
Mainland Mooring 44,Mainland Beach 75,1124,1444,1,0.01496334,173.767753,-35.00289248,173.388053,-34.80824802
Mainland Mooring 40,Mainland Beach 75,1120,1444,6,0.089780039,173.5128284,-34.9897998,173.388053,-34.80824802
Mainland Marina 1,Mainland Beach 75,1053,1444,4,0.059853359,173.7419182,-35.06394306,173.388053,-34.80824802
Mainland Mooring 28,Mainland CHS 11,1108,1235,2,0.02992668,175.7728926,-36.60053899,175.4108473,-36.58847647
Mainland Beach 69,Mainland CHS 11,1436,1235,2,0.02992668,175.8625014,-36.87548225,175.4108473,-36.58847647
Mainland Mooring 29,Mainland CHS 12,1109,1236,1,0.01496334,175.8149589,-36.76080981,175.5534749,-36.58847647
Mainland Mooring 28,Mainland CHS 12,1108,1236,1,0.01496334,175.7728926,-36.60053899,175.5534749,-36.58847647
Mainland Mussels 45,Mainland CHS 3,1669,1227,1,0.01496334,173.167434,-34.80671724,172.9620344,-34.42625992
Mainland Marina 1,Mainland CHS 3,1053,1227,1,0.01496334,173.7419182,-35.06394306,172.9620344,-34.42625992
Mainland Mooring 40,Mainland CHS 5,1120,1229,1,0.01496334,173.5128284,-34.9897998,173.6252551,-34.94874268
Mainland Mooring 44,Mainland CHS 5,1124,1229,4,0.059853359,173.767753,-35.00289248,173.6252551,-34.94874268
Mainland Oysters 22,Mainland CHS 5,1684,1229,1,0.01496334,174.222284,-35.22000934,173.6252551,-34.94874268
Mainland Oysters 7,Mainland CHS 5,1606,1229,1,0.01496334,173.7706299,-35.00049942,173.6252551,-34.94874268
Mainland Beach 29,Mainland CHS 63,1395,1287,1,0.01496334,175.4821611,-36.15459448,175.4310681,-36.10812881
Mainland Oysters 23,Mainland CHS 63,1685,1287,1,0.01496334,174.4599966,-35.81785382,175.4310681,-36.10812881
Mainland Mooring 51,Mainland CHS 63,1131,1287,2,0.02992668,175.3949998,-36.26189717,175.4310681,-36.10812881
Mainland Mooring 50,Mainland CHS 63,1130,1287,1,0.01496334,175.4843148,-36.32646577,175.4310681,-36.10812881
Mainland Mooring 28,Mainland CHS 63,1108,1287,2,0.02992668,175.7728926,-36.60053899,175.4310681,-36.10812881
Mainland Mooring 52,Mainland CHS 63,1132,1287,6,0.089780039,175.345222,-36.16394119,175.4310681,-36.10812881
Mainland Mooring 51,Mainland CHS 64,1131,1288,1,0.01496334,175.3949998,-36.26189717,175.477856,-36.2195626
Mainland Mooring 65,Mainland CHS 64,1145,1288,2,0.02992668,174.8290975,-36.42373967,175.477856,-36.2195626
Mainland Mooring 47,Mainland CHS 7,1127,1231,1,0.01496334,174.3411403,-35.3128583,174.578853,-35.74037133
Mainland Mooring 51,Mainland CHS 8,1131,1232,2,0.02992668,175.3949998,-36.26189717,174.4837679,-35.97259011
Mainland Mooring 28,Mainland Island 10,1108,1471,8,0.119706719,175.7728926,-36.60053899,175.7935763,-36.69853323
Mainland Mooring 52,Mainland Island 11,1132,1472,1,0.01496334,175.345222,-36.16394119,175.8746827,-36.64255099
Mainland MR 23,Mainland Island 11,1207,1472,1,0.01496334,175.7916131,-36.81974085,175.8746827,-36.64255099
Mainland Mooring 28,Mainland Island 11,1108,1472,5,0.074816699,175.7728926,-36.60053899,175.8746827,-36.64255099
Mainland Mooring 51,Mainland Island 11,1131,1472,1,0.01496334,175.3949998,-36.26189717,175.8746827,-36.64255099
Mainland Beach 24,Mainland Island 12,1390,1474,1,0.01496334,175.4841941,-36.24546418,175.1519787,-35.93326371
Mainland Mooring 65,Mainland Island 13,1145,1473,1,0.01496334,174.8290975,-36.42373967,174.7321628,-35.95073586
Mainland Mooring 28,Mainland Island 62,1108,1555,1,0.01496334,175.7728926,-36.60053899,176.0920915,-37.54490681
Mainland Mooring 50,Mainland Island 63,1130,1556,1,0.01496334,175.4843148,-36.32646577,175.9197145,-37.08604227
Mainland Oysters 19,Mainland Island 63,1677,1556,1,0.01496334,175.6961025,-36.82228676,175.9197145,-37.08604227
Mainland Beach 69,Mainland Island 63,1436,1556,1,0.01496334,175.8625014,-36.87548225,175.9197145,-37.08604227
Mainland Marina 13,Mainland Island 63,1065,1556,7,0.104743379,175.8665103,-37.19703585,175.9197145,-37.08604227
Mainland Mooring 52,Mainland Island 63,1132,1556,1,0.01496334,175.345222,-36.16394119,175.9197145,-37.08604227
Mainland Marina 11,Mainland Island 63,1063,1556,1,0.01496334,175.7063407,-36.82209969,175.9197145,-37.08604227
Mainland Mooring 28,Mainland Island 63,1108,1556,5,0.074816699,175.7728926,-36.60053899,175.9197145,-37.08604227
Mainland Oysters 5,Mainland Island 72,1603,1564,1,0.01496334,175.4346186,-36.81816769,175.1703413,-36.72299274
Mainland Mooring 51,Mainland Island 72,1131,1564,1,0.01496334,175.3949998,-36.26189717,175.1703413,-36.72299274
Mainland MR 4,Mainland Island 72,1187,1564,1,0.01496334,174.7214806,-35.48802768,175.1703413,-36.72299274
Mainland Mooring 28,Mainland Island 74,1108,1566,4,0.059853359,175.7728926,-36.60053899,175.5515877,-36.59267813
Mainland Oysters 6,Mainland Island 75,1604,1567,1,0.01496334,175.4885472,-36.76035763,174.8898796,-36.60081384
Mainland Mooring 58,Mainland Island 75,1138,1567,9,0.134670058,174.9849346,-36.75476649,174.8898796,-36.60081384
Mainland Mooring 65,Mainland Island 75,1145,1567,12,0.179560078,174.8290975,-36.42373967,174.8898796,-36.60081384
Mainland Mooring 51,Mainland Island 76,1131,1568,1,0.01496334,175.3949998,-36.26189717,175.3662661,-36.4419488
Mainland Island 78,Mainland Island 76,1570,1568,1,0.01496334,175.0796397,-36.18520786,175.3662661,-36.4419488
Mainland Mooring 61,Mainland Island 76,1141,1568,1,0.01496334,175.1652109,-36.84364404,175.3662661,-36.4419488
Mainland Island 76,Mainland Island 78,1568,1570,1,0.01496334,175.3662661,-36.4419488,175.0796397,-36.18520786
Mainland Mooring 51,Mainland Island 78,1131,1570,1,0.01496334,175.3949998,-36.26189717,175.0796397,-36.18520786
Mainland Mussels 29,Mainland Island 78,1625,1570,4,0.059853359,175.3419631,-36.1619629,175.0796397,-36.18520786
Mainland Mooring 50,Mainland Island 78,1130,1570,1,0.01496334,175.4843148,-36.32646577,175.0796397,-36.18520786
Mainland Mooring 52,Mainland Island 79,1132,1571,68,1.017507108,175.345222,-36.16394119,175.4705181,-36.13340149
Mainland Beach 24,Mainland Island 79,1390,1571,1,0.01496334,175.4841941,-36.24546418,175.4705181,-36.13340149
Mainland Mooring 51,Mainland Island 79,1131,1571,1,0.01496334,175.3949998,-36.26189717,175.4705181,-36.13340149
Mainland Mussels 29,Mainland Island 79,1625,1571,3,0.044890019,175.3419631,-36.1619629,175.4705181,-36.13340149
Mainland Mooring 52,Mainland Island 80,1132,1572,2,0.02992668,175.345222,-36.16394119,175.4070954,-36.03903241
Mainland Mooring 36,Mainland Island 82,1116,1475,4,0.059853359,174.2344349,-35.23128279,175.1045345,-35.91000549
Mainland Island 80,Mainland Island 82,1572,1475,1,0.01496334,175.4070954,-36.03903241,175.1045345,-35.91000549
Mainland Mooring 36,Mainland Island 84,1116,1477,1,0.01496334,174.2344349,-35.23128279,174.4612136,-35.47498265
Mainland Mooring 46,Mainland Island 84,1126,1477,1,0.01496334,174.3886828,-35.39075876,174.4612136,-35.47498265
Mainland Mooring 51,Mainland Island 84,1131,1477,1,0.01496334,175.3949998,-36.26189717,174.4612136,-35.47498265
Mainland Mooring 44,Mainland Island 84,1124,1477,1,0.01496334,173.767753,-35.00289248,174.4612136,-35.47498265
Mainland Mooring 52,Mainland Island 84,1132,1477,2,0.02992668,175.345222,-36.16394119,174.4612136,-35.47498265
Mainland Mooring 42,Mainland Island 84,1122,1477,4,0.059853359,174.5217148,-35.83060401,174.4612136,-35.47498265
Mainland Mooring 44,Mainland Island 85,1124,1575,1,0.01496334,173.767753,-35.00289248,173.9821463,-34.99406332
Mainland Mooring 45,Mainland Island 85,1125,1575,1,0.01496334,173.9259023,-35.02296557,173.9821463,-34.99406332
Mainland Mooring 36,Mainland Island 85,1116,1575,3,0.044890019,174.2344349,-35.23128279,173.9821463,-34.99406332
Mainland Oysters 21,Mainland Island 85,1683,1575,5,0.074816699,174.1287836,-35.2517752,173.9821463,-34.99406332
Mainland Aquaculture 3,Mainland Marina 1,1679,1053,2,0.02992668,174.091542,-35.22973932,173.7419182,-35.06394306
Mainland Mooring 41,Mainland Marina 1,1121,1053,1,0.01496334,174.5511198,-35.62076887,173.7419182,-35.06394306
Mainland Beach 75,Mainland Marina 1,1444,1053,1,0.01496334,173.388053,-34.80824802,173.7419182,-35.06394306
Mainland Mooring 36,Mainland Marina 1,1116,1053,10,0.149633398,174.2344349,-35.23128279,173.7419182,-35.06394306
Mainland Mooring 45,Mainland Marina 1,1125,1053,19,0.284303457,173.9259023,-35.02296557,173.7419182,-35.06394306
Mainland Oysters 12,Mainland Marina 1,1663,1053,1,0.01496334,174.0151343,-35.11777579,173.7419182,-35.06394306
Mainland Island 85,Mainland Marina 1,1575,1053,1,0.01496334,173.9821463,-34.99406332,173.7419182,-35.06394306
Mainland Mooring 46,Mainland Marina 1,1126,1053,2,0.02992668,174.3886828,-35.39075876,173.7419182,-35.06394306
Mainland MR 4,Mainland Marina 1,1187,1053,4,0.059853359,174.7214806,-35.48802768,173.7419182,-35.06394306
Mainland Salmon 12,Mainland Marina 10,1676,1062,3,0.044890019,174.8178135,-36.41716521,174.9243674,-36.88052382
Mainland Mooring 25,Mainland Marina 10,1105,1062,3,0.044890019,175.434167,-36.82463204,174.9243674,-36.88052382
Mainland Mooring 58,Mainland Marina 10,1138,1062,26,0.389046835,174.9849346,-36.75476649,174.9243674,-36.88052382
Mainland Mooring 59,Mainland Marina 10,1139,1062,4,0.059853359,175.0339161,-36.82694775,174.9243674,-36.88052382
Mainland Mooring 51,Mainland Marina 10,1131,1062,2,0.02992668,175.3949998,-36.26189717,174.9243674,-36.88052382
Mainland Marina 9,Mainland Marina 10,1061,1062,11,0.164596738,174.7806808,-36.84457157,174.9243674,-36.88052382
Mainland Mussels 19,Mainland Marina 10,1628,1062,1,0.01496334,175.6247887,-36.66511713,174.9243674,-36.88052382
Mainland Mooring 50,Mainland Marina 10,1130,1062,1,0.01496334,175.4843148,-36.32646577,174.9243674,-36.88052382
Mainland Oysters 5,Mainland Marina 10,1603,1062,1,0.01496334,175.4346186,-36.81816769,174.9243674,-36.88052382
Mainland Mooring 60,Mainland Marina 10,1140,1062,10,0.149633398,175.0542783,-36.77993391,174.9243674,-36.88052382
Mainland Mooring 61,Mainland Marina 10,1141,1062,17,0.254376777,175.1652109,-36.84364404,174.9243674,-36.88052382
Mainland Mooring 28,Mainland Marina 10,1108,1062,3,0.044890019,175.7728926,-36.60053899,174.9243674,-36.88052382
Mainland Mooring 27,Mainland Marina 11,1107,1063,1,0.01496334,175.465709,-36.52258606,175.7063407,-36.82209969
Mainland Mooring 50,Mainland Marina 11,1130,1063,4,0.059853359,175.4843148,-36.32646577,175.7063407,-36.82209969
Mainland Mooring 30,Mainland Marina 11,1110,1063,45,0.673350292,175.7147573,-36.82193521,175.7063407,-36.82209969
Mainland Mooring 9,Mainland Marina 11,1089,1063,1,0.01496334,176.1834135,-37.66859873,175.7063407,-36.82209969
Mainland Island 11,Mainland Marina 11,1472,1063,4,0.059853359,175.8746827,-36.64255099,175.7063407,-36.82209969
Mainland Mooring 42,Mainland Marina 11,1122,1063,73,1.092323807,174.5217148,-35.83060401,175.7063407,-36.82209969
Mainland Mooring 28,Mainland Marina 11,1108,1063,31,0.463863534,175.7728926,-36.60053899,175.7063407,-36.82209969
Mainland Mooring 28,Mainland Marina 12,1108,1064,6,0.089780039,175.7728926,-36.60053899,175.8601196,-37.00047603
Mainland Oysters 19,Mainland Marina 12,1677,1064,1,0.01496334,175.6961025,-36.82228676,175.8601196,-37.00047603
Mainland Island 63,Mainland Marina 12,1556,1064,4,0.059853359,175.9197145,-37.08604227,175.8601196,-37.00047603
Mainland Mooring 28,Mainland Marina 13,1108,1065,15,0.224450097,175.7728926,-36.60053899,175.8665103,-37.19703585
Mainland Marina 14,Mainland Marina 13,1066,1065,14,0.209486757,176.1807249,-37.667248,175.8665103,-37.19703585
Mainland Island 63,Mainland Marina 13,1556,1065,7,0.104743379,175.9197145,-37.08604227,175.8665103,-37.19703585
Mainland Marina 11,Mainland Marina 14,1063,1066,1,0.01496334,175.7063407,-36.82209969,176.1807249,-37.667248
Mainland MR 2,Mainland Marina 14,1185,1066,48,0.718240311,176.2608625,-37.26126482,176.1807249,-37.667248
Mainland Oysters 19,Mainland Marina 14,1677,1066,5,0.074816699,175.6961025,-36.82228676,176.1807249,-37.667248
Mainland Oysters 22,Mainland Marina 14,1684,1066,2,0.02992668,174.222284,-35.22000934,176.1807249,-37.667248
Mainland Island 63,Mainland Marina 14,1556,1066,34,0.508753554,175.9197145,-37.08604227,176.1807249,-37.667248
Mainland Mooring 36,Mainland Marina 14,1116,1066,1,0.01496334,174.2344349,-35.23128279,176.1807249,-37.667248
Mainland Island 62,Mainland Marina 14,1555,1066,7,0.104743379,176.0920915,-37.54490681,176.1807249,-37.667248
Mainland Mooring 9,Mainland Marina 14,1089,1066,1,0.01496334,176.1834135,-37.66859873,176.1807249,-37.667248
Mainland Island 11,Mainland Marina 14,1472,1066,4,0.059853359,175.8746827,-36.64255099,176.1807249,-37.667248
Mainland Mooring 50,Mainland Marina 14,1130,1066,1,0.01496334,175.4843148,-36.32646577,176.1807249,-37.667248
Mainland Mussels 22,Mainland Marina 14,1632,1066,4,0.059853359,175.4674524,-36.51428026,176.1807249,-37.667248
Mainland Marina 9,Mainland Marina 14,1061,1066,1,0.01496334,174.7806808,-36.84457157,176.1807249,-37.667248
Mainland Island 10,Mainland Marina 14,1471,1066,1,0.01496334,175.7935763,-36.69853323,176.1807249,-37.667248
Mainland Mooring 51,Mainland Marina 14,1131,1066,1,0.01496334,175.3949998,-36.26189717,176.1807249,-37.667248
Mainland Mooring 28,Mainland Marina 14,1108,1066,8,0.119706719,175.7728926,-36.60053899,176.1807249,-37.667248
Mainland Mooring 7,Mainland Marina 14,1087,1066,1,0.01496334,175.9785278,-37.48899576,176.1807249,-37.667248
Mainland Mooring 57,Mainland Marina 14,1137,1066,1,0.01496334,175.1695681,-36.93554243,176.1807249,-37.667248
Mainland Mooring 28,Mainland Marina 16,1108,1068,64,0.957653748,175.7728926,-36.60053899,176.8923432,-39.48322706
Mainland Mooring 36,Mainland Marina 2,1116,1054,23,0.344156816,174.2344349,-35.23128279,174.1034276,-35.24046385
Mainland Aquaculture 3,Mainland Marina 2,1679,1054,25,0.374083495,174.091542,-35.22973932,174.1034276,-35.24046385
Mainland Oysters 21,Mainland Marina 2,1683,1054,45,0.673350292,174.1287836,-35.2517752,174.1034276,-35.24046385
Mainland Marina 1,Mainland Marina 2,1053,1054,16,0.239413437,173.7419182,-35.06394306,174.1034276,-35.24046385
Mainland Mooring 44,Mainland Marina 2,1124,1054,2,0.02992668,173.767753,-35.00289248,174.1034276,-35.24046385
Mainland Mooring 47,Mainland Marina 2,1127,1054,4,0.059853359,174.3411403,-35.3128583,174.1034276,-35.24046385
Mainland Oysters 22,Mainland Marina 3,1684,1055,1,0.01496334,174.222284,-35.22000934,174.5550817,-35.60459378
Mainland Mooring 47,Mainland Marina 3,1127,1055,5,0.074816699,174.3411403,-35.3128583,174.5550817,-35.60459378
Mainland Mooring 46,Mainland Marina 3,1126,1055,2,0.02992668,174.3886828,-35.39075876,174.5550817,-35.60459378
Mainland Mooring 44,Mainland Marina 3,1124,1055,1,0.01496334,173.767753,-35.00289248,174.5550817,-35.60459378
Mainland Mooring 41,Mainland Marina 3,1121,1055,3,0.044890019,174.5511198,-35.62076887,174.5550817,-35.60459378
Mainland Oysters 23,Mainland Marina 3,1685,1055,1,0.01496334,174.4599966,-35.81785382,174.5550817,-35.60459378
Mainland Mooring 36,Mainland Marina 3,1116,1055,52,0.778093671,174.2344349,-35.23128279,174.5550817,-35.60459378
Mainland Mooring 50,Mainland Marina 4,1130,1056,2,0.02992668,175.4843148,-36.32646577,174.4165507,-35.81754382
Mainland Mooring 51,Mainland Marina 4,1131,1056,2,0.02992668,175.3949998,-36.26189717,174.4165507,-35.81754382
Mainland Oysters 21,Mainland Marina 4,1683,1056,1,0.01496334,174.1287836,-35.2517752,174.4165507,-35.81754382
Mainland Mooring 36,Mainland Marina 4,1116,1056,8,0.119706719,174.2344349,-35.23128279,174.4165507,-35.81754382
Mainland Mooring 58,Mainland Marina 4,1138,1056,1,0.01496334,174.9849346,-36.75476649,174.4165507,-35.81754382
Mainland Mooring 52,Mainland Marina 4,1132,1056,14,0.209486757,175.345222,-36.16394119,174.4165507,-35.81754382
Mainland Salmon 12,Mainland Marina 5,1676,1057,2,0.02992668,174.8178135,-36.41716521,174.735756,-36.39353753
Mainland Mooring 27,Mainland Marina 5,1107,1057,1,0.01496334,175.465709,-36.52258606,174.735756,-36.39353753
Mainland Mooring 50,Mainland Marina 5,1130,1057,1,0.01496334,175.4843148,-36.32646577,174.735756,-36.39353753
Mainland Mooring 65,Mainland Marina 5,1145,1057,8,0.119706719,174.8290975,-36.42373967,174.735756,-36.39353753
Mainland Mooring 42,Mainland Marina 5,1122,1057,1,0.01496334,174.5217148,-35.83060401,174.735756,-36.39353753
Mainland Island 13,Mainland Marina 6,1473,1058,1,0.01496334,174.7321628,-35.95073586,174.7883551,-36.62095278
Mainland Mooring 54,Mainland Marina 6,1134,1058,3,0.044890019,174.7262661,-36.49824124,174.7883551,-36.62095278
Mainland Mooring 28,Mainland Marina 6,1108,1058,1,0.01496334,175.7728926,-36.60053899,174.7883551,-36.62095278
Mainland Mooring 46,Mainland Marina 6,1126,1058,1,0.01496334,174.3886828,-35.39075876,174.7883551,-36.62095278
Mainland Mooring 50,Mainland Marina 6,1130,1058,2,0.02992668,175.4843148,-36.32646577,174.7883551,-36.62095278
Mainland Mooring 52,Mainland Marina 6,1132,1058,9,0.134670058,175.345222,-36.16394119,174.7883551,-36.62095278
Mainland Mooring 60,Mainland Marina 6,1140,1058,4,0.059853359,175.0542783,-36.77993391,174.7883551,-36.62095278
Mainland Mooring 65,Mainland Marina 6,1145,1058,36,0.538680233,174.8290975,-36.42373967,174.7883551,-36.62095278
Mainland Oysters 1,Mainland Marina 6,1596,1058,5,0.074816699,174.7276899,-36.49169211,174.7883551,-36.62095278
Mainland Mooring 49,Mainland Marina 6,1129,1058,2,0.02992668,174.80468,-36.30038057,174.7883551,-36.62095278
Mainland Mooring 51,Mainland Marina 6,1131,1058,8,0.119706719,175.3949998,-36.26189717,174.7883551,-36.62095278
Mainland Mooring 63,Mainland Marina 6,1143,1058,1,0.01496334,174.6975767,-36.83036881,174.7883551,-36.62095278
Mainland Salmon 12,Mainland Marina 6,1676,1058,9,0.134670058,174.8178135,-36.41716521,174.7883551,-36.62095278
Mainland Mooring 47,Mainland Marina 6,1127,1058,1,0.01496334,174.3411403,-35.3128583,174.7883551,-36.62095278
Mainland Mooring 36,Mainland Marina 6,1116,1058,4,0.059853359,174.2344349,-35.23128279,174.7883551,-36.62095278
Mainland Mooring 36,Mainland Marina 8,1116,1060,1,0.01496334,174.2344349,-35.23128279,174.673938,-36.81816769
Mainland Beach 24,Mainland Marina 8,1390,1060,1,0.01496334,175.4841941,-36.24546418,174.673938,-36.81816769
Mainland Marina 9,Mainland Marina 8,1061,1060,1,0.01496334,174.7806808,-36.84457157,174.673938,-36.81816769
Mainland Mooring 65,Mainland Marina 8,1145,1060,7,0.104743379,174.8290975,-36.42373967,174.673938,-36.81816769
Mainland Mooring 51,Mainland Marina 8,1131,1060,1,0.01496334,175.3949998,-36.26189717,174.673938,-36.81816769
Mainland Island 72,Mainland Marina 8,1564,1060,1,0.01496334,175.1703413,-36.72299274,174.673938,-36.81816769
Mainland Mooring 25,Mainland Marina 9,1105,1061,34,0.508753554,175.434167,-36.82463204,174.7806808,-36.84457157
Mainland Oysters 21,Mainland Marina 9,1683,1061,6,0.089780039,174.1287836,-35.2517752,174.7806808,-36.84457157
Mainland Mooring 60,Mainland Marina 9,1140,1061,34,0.508753554,175.0542783,-36.77993391,174.7806808,-36.84457157
Mainland Aquaculture 3,Mainland Marina 9,1679,1061,1,0.01496334,174.091542,-35.22973932,174.7806808,-36.84457157
Mainland Mooring 49,Mainland Marina 9,1129,1061,1,0.01496334,174.80468,-36.30038057,174.7806808,-36.84457157
Mainland Mooring 64,Mainland Marina 9,1144,1061,11,0.164596738,174.79914,-36.83358315,174.7806808,-36.84457157
Mainland Mooring 54,Mainland Marina 9,1134,1061,1,0.01496334,174.7262661,-36.49824124,174.7806808,-36.84457157
Mainland Mooring 28,Mainland Marina 9,1108,1061,2,0.02992668,175.7728926,-36.60053899,174.7806808,-36.84457157
Mainland Oysters 6,Mainland Marina 9,1604,1061,2,0.02992668,175.4885472,-36.76035763,174.7806808,-36.84457157
Mainland Oysters 1,Mainland Marina 9,1596,1061,13,0.194523418,174.7276899,-36.49169211,174.7806808,-36.84457157
Mainland Mussels 18,Mainland Marina 9,1627,1061,1,0.01496334,175.4369037,-36.74994991,174.7806808,-36.84457157
Mainland Mooring 50,Mainland Marina 9,1130,1061,3,0.044890019,175.4843148,-36.32646577,174.7806808,-36.84457157
Mainland Mooring 51,Mainland Marina 9,1131,1061,5,0.074816699,175.3949998,-36.26189717,174.7806808,-36.84457157
Mainland Mooring 65,Mainland Marina 9,1145,1061,72,1.077360467,174.8290975,-36.42373967,174.7806808,-36.84457157
Mainland Mooring 52,Mainland Marina 9,1132,1061,19,0.284303457,175.345222,-36.16394119,174.7806808,-36.84457157
Mainland Mussels 29,Mainland Marina 9,1625,1061,2,0.02992668,175.3419631,-36.1619629,174.7806808,-36.84457157
Mainland Mussels 54,Mainland Marina 9,1694,1061,9,0.134670058,175.1696467,-36.80611424,174.7806808,-36.84457157
Mainland Mooring 27,Mainland Marina 9,1107,1061,1,0.01496334,175.465709,-36.52258606,174.7806808,-36.84457157
Mainland Salmon 12,Mainland Marina 9,1676,1061,9,0.134670058,174.8178135,-36.41716521,174.7806808,-36.84457157
Mainland Island 75,Mainland Marina 9,1567,1061,7,0.104743379,174.8898796,-36.60081384,174.7806808,-36.84457157
Mainland MR 39,Mainland Marina 9,1223,1061,1,0.01496334,174.7452518,-36.66511713,174.7806808,-36.84457157
Mainland Mooring 58,Mainland Marina 9,1138,1061,58,0.867873709,174.9849346,-36.75476649,174.7806808,-36.84457157
Mainland Oysters 16,Mainland Marina 9,1597,1061,29,0.433936855,175.1699538,-36.80293957,174.7806808,-36.84457157
Mainland Mooring 36,Mainland Marina 9,1116,1061,28,0.418973515,174.2344349,-35.23128279,174.7806808,-36.84457157
Mainland Mooring 60,Mainland Mooring 25,1140,1105,2,0.02992668,175.0542783,-36.77993391,175.434167,-36.82463204
Mainland Mooring 51,Mainland Mooring 25,1131,1105,1,0.01496334,175.3949998,-36.26189717,175.434167,-36.82463204
Mainland Mooring 28,Mainland Mooring 25,1108,1105,2,0.02992668,175.7728926,-36.60053899,175.434167,-36.82463204
Mainland Oysters 6,Mainland Mooring 25,1604,1105,1,0.01496334,175.4885472,-36.76035763,175.434167,-36.82463204
Mainland Mooring 52,Mainland Mooring 25,1132,1105,28,0.418973515,175.345222,-36.16394119,175.434167,-36.82463204
Mainland Mussels 48,Mainland Mooring 25,1678,1105,3,0.044890019,175.3993694,-36.69642505,175.434167,-36.82463204
Mainland Mooring 26,Mainland Mooring 25,1106,1105,52,0.778093671,175.4757936,-36.7642383,175.434167,-36.82463204
Mainland Mooring 61,Mainland Mooring 25,1141,1105,18,0.269340117,175.1652109,-36.84364404,175.434167,-36.82463204
Mainland Aquaculture 4,Mainland Mooring 25,1689,1105,2,0.02992668,175.4513903,-36.73294846,175.434167,-36.82463204
Mainland Mussels 37,Mainland Mooring 25,1655,1105,2,0.02992668,175.4170709,-36.83478105,175.434167,-36.82463204
Mainland Aquaculture 4,Mainland Mooring 26,1689,1106,6,0.089780039,175.4513903,-36.73294846,175.4757936,-36.7642383
Mainland Mooring 51,Mainland Mooring 26,1131,1106,6,0.089780039,175.3949998,-36.26189717,175.4757936,-36.7642383
Mainland Mooring 50,Mainland Mooring 26,1130,1106,1,0.01496334,175.4843148,-36.32646577,175.4757936,-36.7642383
Mainland Mooring 25,Mainland Mooring 26,1105,1106,30,0.448900195,175.434167,-36.82463204,175.4757936,-36.7642383
Mainland CHS 11,Mainland Mooring 26,1235,1106,1,0.01496334,175.4108473,-36.58847647,175.4757936,-36.7642383
Mainland Oysters 16,Mainland Mooring 26,1597,1106,9,0.134670058,175.1699538,-36.80293957,175.4757936,-36.7642383
Mainland Mussels 48,Mainland Mooring 26,1678,1106,3,0.044890019,175.3993694,-36.69642505,175.4757936,-36.7642383
Mainland Mooring 65,Mainland Mooring 26,1145,1106,2,0.02992668,174.8290975,-36.42373967,175.4757936,-36.7642383
Mainland Mooring 28,Mainland Mooring 26,1108,1106,2,0.02992668,175.7728926,-36.60053899,175.4757936,-36.7642383
Mainland Mussels 22,Mainland Mooring 27,1632,1107,1,0.01496334,175.4674524,-36.51428026,175.465709,-36.52258606
Mainland Mooring 51,Mainland Mooring 27,1131,1107,1,0.01496334,175.3949998,-36.26189717,175.465709,-36.52258606
Mainland Mooring 28,Mainland Mooring 27,1108,1107,19,0.284303457,175.7728926,-36.60053899,175.465709,-36.52258606
Mainland Island 11,Mainland Mooring 27,1472,1107,1,0.01496334,175.8746827,-36.64255099,175.465709,-36.52258606
Mainland Mooring 36,Mainland Mooring 28,1116,1108,27,0.404010175,174.2344349,-35.23128279,175.7728926,-36.60053899
Mainland Mooring 29,Mainland Mooring 28,1109,1108,58,0.867873709,175.8149589,-36.76080981,175.7728926,-36.60053899
Mainland Island 63,Mainland Mooring 28,1556,1108,46,0.688313632,175.9197145,-37.08604227,175.7728926,-36.60053899
Mainland Mussels 19,Mainland Mooring 28,1628,1108,7,0.104743379,175.6247887,-36.66511713,175.7728926,-36.60053899
Mainland Marina 14,Mainland Mooring 28,1066,1108,45,0.673350292,176.1807249,-37.667248,175.7728926,-36.60053899
Mainland Marina 12,Mainland Mooring 28,1064,1108,10,0.149633398,175.8601196,-37.00047603,175.7728926,-36.60053899
Mainland Mooring 50,Mainland Mooring 28,1130,1108,12,0.179560078,175.4843148,-36.32646577,175.7728926,-36.60053899
Mainland Mooring 52,Mainland Mooring 28,1132,1108,10,0.149633398,175.345222,-36.16394119,175.7728926,-36.60053899
Mainland Marina 11,Mainland Mooring 28,1063,1108,100,1.496333982,175.7063407,-36.82209969,175.7728926,-36.60053899
Mainland Mooring 27,Mainland Mooring 28,1107,1108,8,0.119706719,175.465709,-36.52258606,175.7728926,-36.60053899
Mainland Island 11,Mainland Mooring 28,1472,1108,1,0.01496334,175.8746827,-36.64255099,175.7728926,-36.60053899
Mainland Island 67,Mainland Mooring 28,1468,1108,2,0.02992668,176.0817094,-36.9588859,175.7728926,-36.60053899
Mainland Mooring 61,Mainland Mooring 28,1141,1108,2,0.02992668,175.1652109,-36.84364404,175.7728926,-36.60053899
Mainland Mooring 30,Mainland Mooring 28,1110,1108,19,0.284303457,175.7147573,-36.82193521,175.7728926,-36.60053899
Mainland Mooring 51,Mainland Mooring 28,1131,1108,4,0.059853359,175.3949998,-36.26189717,175.7728926,-36.60053899
Mainland Mooring 26,Mainland Mooring 28,1106,1108,2,0.02992668,175.4757936,-36.7642383,175.7728926,-36.60053899
Mainland Mooring 28,Mainland Mooring 29,1108,1109,9,0.134670058,175.7728926,-36.60053899,175.8149589,-36.76080981
Mainland Mooring 51,Mainland Mooring 30,1131,1110,1,0.01496334,175.3949998,-36.26189717,175.7147573,-36.82193521
Mainland Mooring 29,Mainland Mooring 30,1109,1110,5,0.074816699,175.8149589,-36.76080981,175.7147573,-36.82193521
Mainland Mooring 28,Mainland Mooring 30,1108,1110,21,0.314230136,175.7728926,-36.60053899,175.7147573,-36.82193521
Mainland Mooring 65,Mainland Mooring 32,1145,1112,1,0.01496334,174.8290975,-36.42373967,175.8764112,-37.19695687
Mainland Mooring 28,Mainland Mooring 32,1108,1112,2,0.02992668,175.7728926,-36.60053899,175.8764112,-37.19695687
Mainland Mooring 41,Mainland Mooring 35,1121,1115,1,0.01496334,174.5511198,-35.62076887,174.1158118,-35.24542248
Mainland Aquaculture 3,Mainland Mooring 35,1679,1115,2,0.02992668,174.091542,-35.22973932,174.1158118,-35.24542248
Mainland Oysters 22,Mainland Mooring 35,1684,1115,1,0.01496334,174.222284,-35.22000934,174.1158118,-35.24542248
Mainland Mooring 36,Mainland Mooring 35,1116,1115,28,0.418973515,174.2344349,-35.23128279,174.1158118,-35.24542248
Mainland Mooring 28,Mainland Mooring 35,1108,1115,1,0.01496334,175.7728926,-36.60053899,174.1158118,-35.24542248
Mainland Marina 1,Mainland Mooring 36,1053,1116,16,0.239413437,173.7419182,-35.06394306,174.2344349,-35.23128279
Mainland Mooring 44,Mainland Mooring 36,1124,1116,16,0.239413437,173.767753,-35.00289248,174.2344349,-35.23128279
Mainland CHS 63,Mainland Mooring 36,1287,1116,1,0.01496334,175.4310681,-36.10812881,174.2344349,-35.23128279
Mainland Mooring 42,Mainland Mooring 36,1122,1116,5,0.074816699,174.5217148,-35.83060401,174.2344349,-35.23128279
Mainland Mussels 29,Mainland Mooring 36,1625,1116,3,0.044890019,175.3419631,-36.1619629,174.2344349,-35.23128279
Mainland Mooring 52,Mainland Mooring 36,1132,1116,2,0.02992668,175.345222,-36.16394119,174.2344349,-35.23128279
Mainland Oysters 22,Mainland Mooring 36,1684,1116,77,1.152177166,174.222284,-35.22000934,174.2344349,-35.23128279
Mainland Marina 14,Mainland Mooring 36,1066,1116,2,0.02992668,176.1807249,-37.667248,174.2344349,-35.23128279
Mainland Mooring 51,Mainland Mooring 36,1131,1116,1,0.01496334,175.3949998,-36.26189717,174.2344349,-35.23128279
Mainland Mooring 46,Mainland Mooring 36,1126,1116,136,2.035014215,174.3886828,-35.39075876,174.2344349,-35.23128279
Mainland Mooring 35,Mainland Mooring 36,1115,1116,10,0.149633398,174.1158118,-35.24542248,174.2344349,-35.23128279
Mainland Oysters 21,Mainland Mooring 36,1683,1116,378,5.656142451,174.1287836,-35.2517752,174.2344349,-35.23128279
Mainland Mooring 28,Mainland Mooring 36,1108,1116,2,0.02992668,175.7728926,-36.60053899,174.2344349,-35.23128279
Mainland Mooring 41,Mainland Mooring 36,1121,1116,94,1.406553943,174.5511198,-35.62076887,174.2344349,-35.23128279
Mainland MR 4,Mainland Mooring 36,1187,1116,8,0.119706719,174.7214806,-35.48802768,174.2344349,-35.23128279
Mainland Mooring 45,Mainland Mooring 36,1125,1116,62,0.927727069,173.9259023,-35.02296557,174.2344349,-35.23128279
Mainland Aquaculture 3,Mainland Mooring 36,1679,1116,178,2.663474488,174.091542,-35.22973932,174.2344349,-35.23128279
Mainland Mooring 47,Mainland Mooring 36,1127,1116,45,0.673350292,174.3411403,-35.3128583,174.2344349,-35.23128279
Mainland Mooring 36,Mainland Mooring 37,1116,1117,1,0.01496334,174.2344349,-35.23128279,174.0281519,-35.11777579
Mainland Mooring 35,Mainland Mooring 37,1115,1117,1,0.01496334,174.1158118,-35.24542248,174.0281519,-35.11777579
Mainland Mooring 51,Mainland Mooring 37,1131,1117,1,0.01496334,175.3949998,-36.26189717,174.0281519,-35.11777579
Mainland Oysters 22,Mainland Mooring 37,1684,1117,3,0.044890019,174.222284,-35.22000934,174.0281519,-35.11777579
Mainland Oysters 14,Mainland Mooring 37,1666,1117,1,0.01496334,173.3179956,-34.90895024,174.0281519,-35.11777579
Mainland Oysters 22,Mainland Mooring 40,1684,1120,6,0.089780039,174.222284,-35.22000934,173.5128284,-34.9897998
Mainland CHS 3,Mainland Mooring 40,1227,1120,1,0.01496334,172.9620344,-34.42625992,173.5128284,-34.9897998
Mainland Mooring 45,Mainland Mooring 40,1125,1120,14,0.209486757,173.9259023,-35.02296557,173.5128284,-34.9897998
Mainland Mooring 36,Mainland Mooring 40,1116,1120,4,0.059853359,174.2344349,-35.23128279,173.5128284,-34.9897998
Mainland Mooring 44,Mainland Mooring 40,1124,1120,20,0.299266796,173.767753,-35.00289248,173.5128284,-34.9897998
Mainland Aquaculture 3,Mainland Mooring 40,1679,1120,1,0.01496334,174.091542,-35.22973932,173.5128284,-34.9897998
Mainland Mooring 51,Mainland Mooring 41,1131,1121,1,0.01496334,175.3949998,-36.26189717,174.5511198,-35.62076887
Mainland Mooring 42,Mainland Mooring 41,1122,1121,21,0.314230136,174.5217148,-35.83060401,174.5511198,-35.62076887
Mainland Oysters 21,Mainland Mooring 41,1683,1121,12,0.179560078,174.1287836,-35.2517752,174.5511198,-35.62076887
Mainland Mooring 52,Mainland Mooring 41,1132,1121,39,0.583570253,175.345222,-36.16394119,174.5511198,-35.62076887
Mainland Mooring 49,Mainland Mooring 41,1129,1121,1,0.01496334,174.80468,-36.30038057,174.5511198,-35.62076887
Mainland Mooring 46,Mainland Mooring 41,1126,1121,160,2.394134371,174.3886828,-35.39075876,174.5511198,-35.62076887
Mainland MR 4,Mainland Mooring 41,1187,1121,2,0.02992668,174.7214806,-35.48802768,174.5511198,-35.62076887
Mainland Aquaculture 3,Mainland Mooring 41,1679,1121,1,0.01496334,174.091542,-35.22973932,174.5511198,-35.62076887
Mainland Mooring 36,Mainland Mooring 41,1116,1121,70,1.047433787,174.2344349,-35.23128279,174.5511198,-35.62076887
Mainland Island 84,Mainland Mooring 41,1477,1121,1,0.01496334,174.4612136,-35.47498265,174.5511198,-35.62076887
Mainland Marina 3,Mainland Mooring 41,1055,1121,2,0.02992668,174.5550817,-35.60459378,174.5511198,-35.62076887
Mainland Island 82,Mainland Mooring 41,1475,1121,8,0.119706719,175.1045345,-35.91000549,174.5511198,-35.62076887
Mainland Oysters 22,Mainland Mooring 41,1684,1121,1,0.01496334,174.222284,-35.22000934,174.5511198,-35.62076887
Mainland Oysters 21,Mainland Mooring 42,1683,1122,1,0.01496334,174.1287836,-35.2517752,174.5217148,-35.83060401
Mainland Mooring 46,Mainland Mooring 42,1126,1122,1,0.01496334,174.3886828,-35.39075876,174.5217148,-35.83060401
Mainland MR 19,Mainland Mooring 42,1203,1122,16,0.239413437,174.3933379,-35.793184,174.5217148,-35.83060401
Mainland Mooring 65,Mainland Mooring 42,1145,1122,15,0.224450097,174.8290975,-36.42373967,174.5217148,-35.83060401
Mainland Mooring 47,Mainland Mooring 42,1127,1122,73,1.092323807,174.3411403,-35.3128583,174.5217148,-35.83060401
Mainland Oysters 23,Mainland Mooring 42,1685,1122,9,0.134670058,174.4599966,-35.81785382,174.5217148,-35.83060401
Mainland Mooring 36,Mainland Mooring 42,1116,1122,8,0.119706719,174.2344349,-35.23128279,174.5217148,-35.83060401
Mainland Mooring 52,Mainland Mooring 43,1132,1123,4,0.059853359,175.345222,-36.16394119,174.4161348,-35.80984226
Mainland Mooring 46,Mainland Mooring 43,1126,1123,1,0.01496334,174.3886828,-35.39075876,174.4161348,-35.80984226
Mainland Island 85,Mainland Mooring 44,1575,1124,3,0.044890019,173.9821463,-34.99406332,173.767753,-35.00289248
Mainland Mooring 36,Mainland Mooring 44,1116,1124,9,0.134670058,174.2344349,-35.23128279,173.767753,-35.00289248
Mainland Oysters 21,Mainland Mooring 44,1683,1124,23,0.344156816,174.1287836,-35.2517752,173.767753,-35.00289248
Mainland Mooring 51,Mainland Mooring 44,1131,1124,1,0.01496334,175.3949998,-36.26189717,173.767753,-35.00289248
Mainland Oysters 22,Mainland Mooring 44,1684,1124,14,0.209486757,174.222284,-35.22000934,173.767753,-35.00289248
Mainland CHS 5,Mainland Mooring 44,1229,1124,1,0.01496334,173.6252551,-34.94874268,173.767753,-35.00289248
Mainland Aquaculture 3,Mainland Mooring 44,1679,1124,7,0.104743379,174.091542,-35.22973932,173.767753,-35.00289248
Mainland Mooring 45,Mainland Mooring 44,1125,1124,42,0.628460272,173.9259023,-35.02296557,173.767753,-35.00289248
Mainland Oysters 7,Mainland Mooring 44,1606,1124,10,0.149633398,173.7706299,-35.00049942,173.767753,-35.00289248
Mainland Mooring 37,Mainland Mooring 45,1117,1125,1,0.01496334,174.0281519,-35.11777579,173.9259023,-35.02296557
Mainland Oysters 21,Mainland Mooring 45,1683,1125,25,0.374083495,174.1287836,-35.2517752,173.9259023,-35.02296557
Mainland Mooring 36,Mainland Mooring 45,1116,1125,34,0.508753554,174.2344349,-35.23128279,173.9259023,-35.02296557
Mainland Oysters 12,Mainland Mooring 45,1663,1125,1,0.01496334,174.0151343,-35.11777579,173.9259023,-35.02296557
Mainland Island 85,Mainland Mooring 45,1575,1125,1,0.01496334,173.9821463,-34.99406332,173.9259023,-35.02296557
Mainland Aquaculture 3,Mainland Mooring 45,1679,1125,16,0.239413437,174.091542,-35.22973932,173.9259023,-35.02296557
Mainland Mooring 44,Mainland Mooring 45,1124,1125,12,0.179560078,173.767753,-35.00289248,173.9259023,-35.02296557
Mainland Oysters 21,Mainland Mooring 46,1683,1126,1,0.01496334,174.1287836,-35.2517752,174.3886828,-35.39075876
Mainland Oysters 22,Mainland Mooring 46,1684,1126,1,0.01496334,174.222284,-35.22000934,174.3886828,-35.39075876
Mainland Mooring 36,Mainland Mooring 46,1116,1126,176,2.633547808,174.2344349,-35.23128279,174.3886828,-35.39075876
Mainland Aquaculture 3,Mainland Mooring 46,1679,1126,1,0.01496334,174.091542,-35.22973932,174.3886828,-35.39075876
Mainland Mooring 45,Mainland Mooring 46,1125,1126,1,0.01496334,173.9259023,-35.02296557,174.3886828,-35.39075876
Mainland Oysters 12,Mainland Mooring 46,1663,1126,1,0.01496334,174.0151343,-35.11777579,174.3886828,-35.39075876
Mainland Mooring 47,Mainland Mooring 46,1127,1126,30,0.448900195,174.3411403,-35.3128583,174.3886828,-35.39075876
Mainland Mooring 41,Mainland Mooring 46,1121,1126,40,0.598533593,174.5511198,-35.62076887,174.3886828,-35.39075876
Mainland Mooring 52,Mainland Mooring 46,1132,1126,1,0.01496334,175.345222,-36.16394119,174.3886828,-35.39075876
Mainland Mooring 51,Mainland Mooring 46,1131,1126,1,0.01496334,175.3949998,-36.26189717,174.3886828,-35.39075876
Mainland Island 85,Mainland Mooring 46,1575,1126,1,0.01496334,173.9821463,-34.99406332,174.3886828,-35.39075876
Mainland Mooring 37,Mainland Mooring 47,1117,1127,1,0.01496334,174.0281519,-35.11777579,174.3411403,-35.3128583
Mainland Oysters 21,Mainland Mooring 47,1683,1127,15,0.224450097,174.1287836,-35.2517752,174.3411403,-35.3128583
Mainland Mooring 45,Mainland Mooring 47,1125,1127,1,0.01496334,173.9259023,-35.02296557,174.3411403,-35.3128583
Mainland Oysters 22,Mainland Mooring 47,1684,1127,2,0.02992668,174.222284,-35.22000934,174.3411403,-35.3128583
Mainland Mooring 52,Mainland Mooring 47,1132,1127,2,0.02992668,175.345222,-36.16394119,174.3411403,-35.3128583
Mainland Oysters 12,Mainland Mooring 47,1663,1127,1,0.01496334,174.0151343,-35.11777579,174.3411403,-35.3128583
Mainland Island 84,Mainland Mooring 47,1477,1127,6,0.089780039,174.4612136,-35.47498265,174.3411403,-35.3128583
Mainland Mooring 46,Mainland Mooring 47,1126,1127,7,0.104743379,174.3886828,-35.39075876,174.3411403,-35.3128583
Mainland Island 85,Mainland Mooring 47,1575,1127,1,0.01496334,173.9821463,-34.99406332,174.3411403,-35.3128583
Mainland Mooring 41,Mainland Mooring 47,1121,1127,43,0.643423612,174.5511198,-35.62076887,174.3411403,-35.3128583
Mainland Mooring 36,Mainland Mooring 47,1116,1127,180,2.693401167,174.2344349,-35.23128279,174.3411403,-35.3128583
Mainland Mooring 51,Mainland Mooring 47,1131,1127,1,0.01496334,175.3949998,-36.26189717,174.3411403,-35.3128583
Mainland Mooring 65,Mainland Mooring 49,1145,1129,2,0.02992668,174.8290975,-36.42373967,174.80468,-36.30038057
Mainland Mooring 42,Mainland Mooring 49,1122,1129,1,0.01496334,174.5217148,-35.83060401,174.80468,-36.30038057
Mainland MR 23,Mainland Mooring 49,1207,1129,1,0.01496334,175.7916131,-36.81974085,174.80468,-36.30038057
Mainland Oysters 1,Mainland Mooring 49,1596,1129,1,0.01496334,174.7276899,-36.49169211,174.80468,-36.30038057
Mainland Salmon 12,Mainland Mooring 49,1676,1129,2,0.02992668,174.8178135,-36.41716521,174.80468,-36.30038057
Mainland Mooring 51,Mainland Mooring 49,1131,1129,1,0.01496334,175.3949998,-36.26189717,174.80468,-36.30038057
Mainland Mooring 46,Mainland Mooring 49,1126,1129,2,0.02992668,174.3886828,-35.39075876,174.80468,-36.30038057
Mainland Mussels 29,Mainland Mooring 49,1625,1129,2,0.02992668,175.3419631,-36.1619629,174.80468,-36.30038057
Mainland Mussels 54,Mainland Mooring 49,1694,1129,1,0.01496334,175.1696467,-36.80611424,174.80468,-36.30038057
Mainland Mooring 36,Mainland Mooring 49,1116,1129,1,0.01496334,174.2344349,-35.23128279,174.80468,-36.30038057
Mainland Mooring 28,Mainland Mooring 50,1108,1130,8,0.119706719,175.7728926,-36.60053899,175.4843148,-36.32646577
Mainland CHS 64,Mainland Mooring 50,1288,1130,1,0.01496334,175.477856,-36.2195626,175.4843148,-36.32646577
Mainland Mooring 41,Mainland Mooring 50,1121,1130,1,0.01496334,174.5511198,-35.62076887,175.4843148,-36.32646577
Mainland Mooring 64,Mainland Mooring 50,1144,1130,2,0.02992668,174.79914,-36.83358315,175.4843148,-36.32646577
Mainland Island 75,Mainland Mooring 50,1567,1130,1,0.01496334,174.8898796,-36.60081384,175.4843148,-36.32646577
Mainland Mooring 61,Mainland Mooring 50,1141,1130,7,0.104743379,175.1652109,-36.84364404,175.4843148,-36.32646577
Mainland Mooring 60,Mainland Mooring 50,1140,1130,4,0.059853359,175.0542783,-36.77993391,175.4843148,-36.32646577
Mainland Mooring 58,Mainland Mooring 50,1138,1130,10,0.149633398,174.9849346,-36.75476649,175.4843148,-36.32646577
Mainland Mooring 52,Mainland Mooring 50,1132,1130,18,0.269340117,175.345222,-36.16394119,175.4843148,-36.32646577
Mainland Mussels 29,Mainland Mooring 50,1625,1130,5,0.074816699,175.3419631,-36.1619629,175.4843148,-36.32646577
Mainland Mooring 51,Mainland Mooring 50,1131,1130,6,0.089780039,175.3949998,-36.26189717,175.4843148,-36.32646577
Mainland CHS 63,Mainland Mooring 50,1287,1130,1,0.01496334,175.4310681,-36.10812881,175.4843148,-36.32646577
Mainland Mooring 65,Mainland Mooring 50,1145,1130,5,0.074816699,174.8290975,-36.42373967,175.4843148,-36.32646577
Mainland Mooring 34,Mainland Mooring 51,1114,1131,1,0.01496334,173.1525769,-34.84282629,175.3949998,-36.26189717
Mainland Mooring 53,Mainland Mooring 51,1133,1131,1,0.01496334,174.7427249,-36.40368021,175.3949998,-36.26189717
Mainland Beach 24,Mainland Mooring 51,1390,1131,1,0.01496334,175.4841941,-36.24546418,175.3949998,-36.26189717
Mainland Mooring 49,Mainland Mooring 51,1129,1131,4,0.059853359,174.80468,-36.30038057,175.3949998,-36.26189717
Mainland Mooring 27,Mainland Mooring 51,1107,1131,1,0.01496334,175.465709,-36.52258606,175.3949998,-36.26189717
Mainland Mooring 36,Mainland Mooring 51,1116,1131,2,0.02992668,174.2344349,-35.23128279,175.3949998,-36.26189717
Mainland Oysters 16,Mainland Mooring 51,1597,1131,4,0.059853359,175.1699538,-36.80293957,175.3949998,-36.26189717
Mainland Mooring 52,Mainland Mooring 51,1132,1131,44,0.658386952,175.345222,-36.16394119,175.3949998,-36.26189717
Mainland Marina 5,Mainland Mooring 51,1057,1131,2,0.02992668,174.735756,-36.39353753,175.3949998,-36.26189717
Mainland Mussels 48,Mainland Mooring 51,1678,1131,5,0.074816699,175.3993694,-36.69642505,175.3949998,-36.26189717
Mainland Mooring 28,Mainland Mooring 51,1108,1131,3,0.044890019,175.7728926,-36.60053899,175.3949998,-36.26189717
Mainland Oysters 17,Mainland Mooring 51,1599,1131,2,0.02992668,175.1250922,-36.83929055,175.3949998,-36.26189717
Mainland Marina 11,Mainland Mooring 51,1063,1131,1,0.01496334,175.7063407,-36.82209969,175.3949998,-36.26189717
Mainland Mooring 50,Mainland Mooring 51,1130,1131,10,0.149633398,175.4843148,-36.32646577,175.3949998,-36.26189717
Mainland Mooring 28,Mainland Mooring 52,1108,1132,157,2.349244351,175.7728926,-36.60053899,175.345222,-36.16394119
Mainland Mooring 54,Mainland Mooring 52,1134,1132,7,0.104743379,174.7262661,-36.49824124,175.345222,-36.16394119
Mainland Mooring 42,Mainland Mooring 52,1122,1132,8,0.119706719,174.5217148,-35.83060401,175.345222,-36.16394119
Mainland Mussels 22,Mainland Mooring 52,1632,1132,1,0.01496334,175.4674524,-36.51428026,175.345222,-36.16394119
Mainland Mooring 58,Mainland Mooring 52,1138,1132,7,0.104743379,174.9849346,-36.75476649,175.345222,-36.16394119
Mainland Mooring 65,Mainland Mooring 52,1145,1132,61,0.912763729,174.8290975,-36.42373967,175.345222,-36.16394119
Mainland CHS 63,Mainland Mooring 52,1287,1132,8,0.119706719,175.4310681,-36.10812881,175.345222,-36.16394119
Mainland Beach 24,Mainland Mooring 52,1390,1132,1,0.01496334,175.4841941,-36.24546418,175.345222,-36.16394119
Mainland Mooring 51,Mainland Mooring 52,1131,1132,21,0.314230136,175.3949998,-36.26189717,175.345222,-36.16394119
Mainland Mooring 46,Mainland Mooring 52,1126,1132,1,0.01496334,174.3886828,-35.39075876,175.345222,-36.16394119
Mainland Marina 3,Mainland Mooring 52,1055,1132,4,0.059853359,174.5550817,-35.60459378,175.345222,-36.16394119
Mainland Mooring 41,Mainland Mooring 52,1121,1132,67,1.002543768,174.5511198,-35.62076887,175.345222,-36.16394119
Mainland Mooring 36,Mainland Mooring 52,1116,1132,3,0.044890019,174.2344349,-35.23128279,175.345222,-36.16394119
Mainland Oysters 16,Mainland Mooring 52,1597,1132,3,0.044890019,175.1699538,-36.80293957,175.345222,-36.16394119
Mainland Salmon 12,Mainland Mooring 52,1676,1132,7,0.104743379,174.8178135,-36.41716521,175.345222,-36.16394119
Mainland Mussels 29,Mainland Mooring 52,1625,1132,23,0.344156816,175.3419631,-36.1619629,175.345222,-36.16394119
Mainland Mooring 50,Mainland Mooring 52,1130,1132,4,0.059853359,175.4843148,-36.32646577,175.345222,-36.16394119
Mainland Salmon 12,Mainland Mooring 53,1676,1133,2,0.02992668,174.8178135,-36.41716521,174.7427249,-36.40368021
Mainland Mooring 52,Mainland Mooring 53,1132,1133,2,0.02992668,175.345222,-36.16394119,174.7427249,-36.40368021
Mainland Mooring 54,Mainland Mooring 53,1134,1133,1,0.01496334,174.7262661,-36.49824124,174.7427249,-36.40368021
Mainland Mooring 50,Mainland Mooring 53,1130,1133,1,0.01496334,175.4843148,-36.32646577,174.7427249,-36.40368021
Mainland Mooring 65,Mainland Mooring 53,1145,1133,5,0.074816699,174.8290975,-36.42373967,174.7427249,-36.40368021
Mainland Mooring 49,Mainland Mooring 53,1129,1133,2,0.02992668,174.80468,-36.30038057,174.7427249,-36.40368021
Mainland Mooring 51,Mainland Mooring 53,1131,1133,1,0.01496334,175.3949998,-36.26189717,174.7427249,-36.40368021
Mainland Oysters 1,Mainland Mooring 54,1596,1134,9,0.134670058,174.7276899,-36.49169211,174.7262661,-36.49824124
Mainland Marina 6,Mainland Mooring 54,1058,1134,4,0.059853359,174.7883551,-36.62095278,174.7262661,-36.49824124
Mainland Mooring 65,Mainland Mooring 54,1145,1134,20,0.299266796,174.8290975,-36.42373967,174.7262661,-36.49824124
Mainland Mooring 45,Mainland Mooring 54,1125,1134,1,0.01496334,173.9259023,-35.02296557,174.7262661,-36.49824124
Mainland Mooring 46,Mainland Mooring 54,1126,1134,1,0.01496334,174.3886828,-35.39075876,174.7262661,-36.49824124
Mainland CHS 12,Mainland Mooring 54,1236,1134,1,0.01496334,175.5534749,-36.58847647,174.7262661,-36.49824124
Mainland Mooring 41,Mainland Mooring 54,1121,1134,1,0.01496334,174.5511198,-35.62076887,174.7262661,-36.49824124
Mainland Oysters 16,Mainland Mooring 54,1597,1134,1,0.01496334,175.1699538,-36.80293957,174.7262661,-36.49824124
Mainland Mooring 40,Mainland Mooring 55,1120,1135,1,0.01496334,173.5128284,-34.9897998,174.7458767,-36.63214297
Mainland MR 39,Mainland Mooring 57,1223,1137,1,0.01496334,174.7452518,-36.66511713,175.1695681,-36.93554243
Mainland Mooring 51,Mainland Mooring 58,1131,1138,1,0.01496334,175.3949998,-36.26189717,174.9849346,-36.75476649
Mainland Mooring 54,Mainland Mooring 58,1134,1138,3,0.044890019,174.7262661,-36.49824124,174.9849346,-36.75476649
Mainland Oysters 17,Mainland Mooring 58,1599,1138,2,0.02992668,175.1250922,-36.83929055,174.9849346,-36.75476649
Mainland Mooring 26,Mainland Mooring 58,1106,1138,1,0.01496334,175.4757936,-36.7642383,174.9849346,-36.75476649
Mainland Mooring 60,Mainland Mooring 58,1140,1138,49,0.733203651,175.0542783,-36.77993391,174.9849346,-36.75476649
Mainland Mooring 50,Mainland Mooring 58,1130,1138,8,0.119706719,175.4843148,-36.32646577,174.9849346,-36.75476649
Mainland Mooring 65,Mainland Mooring 58,1145,1138,21,0.314230136,174.8290975,-36.42373967,174.9849346,-36.75476649
Mainland Oysters 16,Mainland Mooring 58,1597,1138,18,0.269340117,175.1699538,-36.80293957,174.9849346,-36.75476649
Mainland Mussels 54,Mainland Mooring 58,1694,1138,7,0.104743379,175.1696467,-36.80611424,174.9849346,-36.75476649
Mainland Mooring 28,Mainland Mooring 58,1108,1138,1,0.01496334,175.7728926,-36.60053899,174.9849346,-36.75476649
Mainland Mooring 52,Mainland Mooring 58,1132,1138,5,0.074816699,175.345222,-36.16394119,174.9849346,-36.75476649
Mainland Island 76,Mainland Mooring 59,1568,1139,1,0.01496334,175.3662661,-36.4419488,175.0339161,-36.82694775
Mainland Mooring 51,Mainland Mooring 59,1131,1139,1,0.01496334,175.3949998,-36.26189717,175.0339161,-36.82694775
Mainland Mooring 58,Mainland Mooring 59,1138,1139,14,0.209486757,174.9849346,-36.75476649,175.0339161,-36.82694775
Mainland Island 82,Mainland Mooring 59,1475,1139,1,0.01496334,175.1045345,-35.91000549,175.0339161,-36.82694775
Mainland Mooring 26,Mainland Mooring 59,1106,1139,1,0.01496334,175.4757936,-36.7642383,175.0339161,-36.82694775
Mainland Mooring 50,Mainland Mooring 59,1130,1139,1,0.01496334,175.4843148,-36.32646577,175.0339161,-36.82694775
Mainland Mussels 3,Mainland Mooring 59,1608,1139,4,0.059853359,175.066164,-36.83727495,175.0339161,-36.82694775
Mainland Mooring 61,Mainland Mooring 59,1141,1139,8,0.119706719,175.1652109,-36.84364404,175.0339161,-36.82694775
Mainland Oysters 1,Mainland Mooring 59,1596,1139,3,0.044890019,174.7276899,-36.49169211,175.0339161,-36.82694775
Mainland Mooring 36,Mainland Mooring 59,1116,1139,1,0.01496334,174.2344349,-35.23128279,175.0339161,-36.82694775
Mainland Mooring 44,Mainland Mooring 59,1124,1139,1,0.01496334,173.767753,-35.00289248,175.0339161,-36.82694775
Mainland Oysters 16,Mainland Mooring 59,1597,1139,5,0.074816699,175.1699538,-36.80293957,175.0339161,-36.82694775
Mainland Mooring 25,Mainland Mooring 59,1105,1139,2,0.02992668,175.434167,-36.82463204,175.0339161,-36.82694775
Mainland Oysters 16,Mainland Mooring 60,1597,1140,14,0.209486757,175.1699538,-36.80293957,175.0542783,-36.77993391
Mainland Mooring 26,Mainland Mooring 60,1106,1140,6,0.089780039,175.4757936,-36.7642383,175.0542783,-36.77993391
Mainland Mooring 25,Mainland Mooring 60,1105,1140,1,0.01496334,175.434167,-36.82463204,175.0542783,-36.77993391
Mainland Mooring 64,Mainland Mooring 60,1144,1140,4,0.059853359,174.79914,-36.83358315,175.0542783,-36.77993391
Mainland Mussels 54,Mainland Mooring 60,1694,1140,5,0.074816699,175.1696467,-36.80611424,175.0542783,-36.77993391
Mainland Mooring 52,Mainland Mooring 60,1132,1140,5,0.074816699,175.345222,-36.16394119,175.0542783,-36.77993391
Mainland Mooring 50,Mainland Mooring 60,1130,1140,26,0.389046835,175.4843148,-36.32646577,175.0542783,-36.77993391
Mainland Mooring 65,Mainland Mooring 60,1145,1140,7,0.104743379,174.8290975,-36.42373967,175.0542783,-36.77993391
Mainland Mooring 51,Mainland Mooring 60,1131,1140,1,0.01496334,175.3949998,-36.26189717,175.0542783,-36.77993391
Mainland Salmon 12,Mainland Mooring 60,1676,1140,6,0.089780039,174.8178135,-36.41716521,175.0542783,-36.77993391
Mainland Mooring 25,Mainland Mooring 61,1105,1141,13,0.194523418,175.434167,-36.82463204,175.1652109,-36.84364404
Mainland Mooring 50,Mainland Mooring 61,1130,1141,1,0.01496334,175.4843148,-36.32646577,175.1652109,-36.84364404
Mainland Mooring 64,Mainland Mooring 61,1144,1141,31,0.463863534,174.79914,-36.83358315,175.1652109,-36.84364404
Mainland Mooring 27,Mainland Mooring 61,1107,1141,1,0.01496334,175.465709,-36.52258606,175.1652109,-36.84364404
Mainland Mooring 28,Mainland Mooring 61,1108,1141,2,0.02992668,175.7728926,-36.60053899,175.1652109,-36.84364404
Mainland Mooring 52,Mainland Mooring 61,1132,1141,1,0.01496334,175.345222,-36.16394119,175.1652109,-36.84364404
Mainland Mooring 51,Mainland Mooring 61,1131,1141,1,0.01496334,175.3949998,-36.26189717,175.1652109,-36.84364404
Mainland Mooring 46,Mainland Mooring 61,1126,1141,1,0.01496334,174.3886828,-35.39075876,175.1652109,-36.84364404
Mainland Mooring 62,Mainland Mooring 61,1142,1141,10,0.149633398,174.9063578,-36.88621789,175.1652109,-36.84364404
Mainland Mooring 26,Mainland Mooring 61,1106,1141,10,0.149633398,175.4757936,-36.7642383,175.1652109,-36.84364404
Mainland Oysters 16,Mainland Mooring 61,1597,1141,17,0.254376777,175.1699538,-36.80293957,175.1652109,-36.84364404
Mainland Mussels 54,Mainland Mooring 61,1694,1141,7,0.104743379,175.1696467,-36.80611424,175.1652109,-36.84364404
Mainland Mooring 51,Mainland Mooring 62,1131,1142,1,0.01496334,175.3949998,-36.26189717,174.9063578,-36.88621789
Mainland Mooring 36,Mainland Mooring 62,1116,1142,2,0.02992668,174.2344349,-35.23128279,174.9063578,-36.88621789
Mainland Mooring 58,Mainland Mooring 62,1138,1142,23,0.344156816,174.9849346,-36.75476649,174.9063578,-36.88621789
Mainland Mooring 28,Mainland Mooring 62,1108,1142,1,0.01496334,175.7728926,-36.60053899,174.9063578,-36.88621789
Mainland Mooring 65,Mainland Mooring 62,1145,1142,11,0.164596738,174.8290975,-36.42373967,174.9063578,-36.88621789
Mainland Mooring 61,Mainland Mooring 62,1141,1142,8,0.119706719,175.1652109,-36.84364404,174.9063578,-36.88621789
Mainland Mussels 3,Mainland Mooring 63,1608,1143,5,0.074816699,175.066164,-36.83727495,174.6975767,-36.83036881
Mainland Mooring 36,Mainland Mooring 63,1116,1143,1,0.01496334,174.2344349,-35.23128279,174.6975767,-36.83036881
Mainland Mooring 50,Mainland Mooring 63,1130,1143,1,0.01496334,175.4843148,-36.32646577,174.6975767,-36.83036881
Mainland Mussels 54,Mainland Mooring 64,1694,1144,3,0.044890019,175.1696467,-36.80611424,174.79914,-36.83358315
Mainland Mooring 50,Mainland Mooring 64,1130,1144,2,0.02992668,175.4843148,-36.32646577,174.79914,-36.83358315
Mainland Oysters 1,Mainland Mooring 64,1596,1144,2,0.02992668,174.7276899,-36.49169211,174.79914,-36.83358315
Mainland Salmon 12,Mainland Mooring 64,1676,1144,5,0.074816699,174.8178135,-36.41716521,174.79914,-36.83358315
Mainland Oysters 22,Mainland Mooring 64,1684,1144,1,0.01496334,174.222284,-35.22000934,174.79914,-36.83358315
Mainland Mooring 58,Mainland Mooring 64,1138,1144,38,0.568606913,174.9849346,-36.75476649,174.79914,-36.83358315
Mainland Mooring 28,Mainland Mooring 64,1108,1144,2,0.02992668,175.7728926,-36.60053899,174.79914,-36.83358315
Mainland Mooring 36,Mainland Mooring 64,1116,1144,3,0.044890019,174.2344349,-35.23128279,174.79914,-36.83358315
Mainland Mooring 65,Mainland Mooring 64,1145,1144,12,0.179560078,174.8290975,-36.42373967,174.79914,-36.83358315
Mainland Oysters 16,Mainland Mooring 65,1597,1145,5,0.074816699,175.1699538,-36.80293957,174.8290975,-36.42373967
Mainland Mooring 26,Mainland Mooring 65,1106,1145,7,0.104743379,175.4757936,-36.7642383,174.8290975,-36.42373967
Mainland CHS 7,Mainland Mooring 65,1231,1145,1,0.01496334,174.578853,-35.74037133,174.8290975,-36.42373967
Mainland Beach 70,Mainland Mooring 65,1437,1145,1,0.01496334,174.578853,-35.81785382,174.8290975,-36.42373967
Mainland Mooring 51,Mainland Mooring 65,1131,1145,9,0.134670058,175.3949998,-36.26189717,174.8290975,-36.42373967
Mainland Mooring 50,Mainland Mooring 65,1130,1145,4,0.059853359,175.4843148,-36.32646577,174.8290975,-36.42373967
Mainland Mooring 54,Mainland Mooring 65,1134,1145,29,0.433936855,174.7262661,-36.49824124,174.8290975,-36.42373967
Mainland Mooring 45,Mainland Mooring 65,1125,1145,1,0.01496334,173.9259023,-35.02296557,174.8290975,-36.42373967
Mainland MR 3,Mainland Mooring 65,1186,1145,1,0.01496334,174.8403369,-36.35809371,174.8290975,-36.42373967
Mainland Mooring 52,Mainland Mooring 65,1132,1145,39,0.583570253,175.345222,-36.16394119,174.8290975,-36.42373967
Mainland Oysters 1,Mainland Mooring 65,1596,1145,18,0.269340117,174.7276899,-36.49169211,174.8290975,-36.42373967
Mainland Mooring 58,Mainland Mooring 65,1138,1145,23,0.344156816,174.9849346,-36.75476649,174.8290975,-36.42373967
Mainland Island 79,Mainland Mooring 65,1571,1145,2,0.02992668,175.4705181,-36.13340149,174.8290975,-36.42373967
Mainland Oysters 23,Mainland Mooring 65,1685,1145,1,0.01496334,174.4599966,-35.81785382,174.8290975,-36.42373967
Mainland Island 78,Mainland Mooring 65,1570,1145,1,0.01496334,175.0796397,-36.18520786,174.8290975,-36.42373967
Mainland Marina 9,Mainland Mooring 65,1061,1145,86,1.286847224,174.7806808,-36.84457157,174.8290975,-36.42373967
Mainland Mooring 27,Mainland Mooring 65,1107,1145,4,0.059853359,175.465709,-36.52258606,174.8290975,-36.42373967
Mainland Mooring 47,Mainland Mooring 65,1127,1145,1,0.01496334,174.3411403,-35.3128583,174.8290975,-36.42373967
Mainland Mussels 29,Mainland Mooring 65,1625,1145,9,0.134670058,175.3419631,-36.1619629,174.8290975,-36.42373967
Mainland Mooring 59,Mainland Mooring 65,1139,1145,13,0.194523418,175.0339161,-36.82694775,174.8290975,-36.42373967
Mainland Island 63,Mainland Mooring 65,1556,1145,1,0.01496334,175.9197145,-37.08604227,174.8290975,-36.42373967
Mainland Mooring 28,Mainland Mooring 65,1108,1145,2,0.02992668,175.7728926,-36.60053899,174.8290975,-36.42373967
Mainland Mooring 25,Mainland Mooring 65,1105,1145,4,0.059853359,175.434167,-36.82463204,174.8290975,-36.42373967
Mainland Mooring 41,Mainland Mooring 65,1121,1145,3,0.044890019,174.5511198,-35.62076887,174.8290975,-36.42373967
Mainland Mooring 64,Mainland Mooring 65,1144,1145,8,0.119706719,174.79914,-36.83358315,174.8290975,-36.42373967
Mainland Mooring 36,Mainland Mooring 65,1116,1145,20,0.299266796,174.2344349,-35.23128279,174.8290975,-36.42373967
Mainland Island 63,Mainland Mooring 7,1556,1087,1,0.01496334,175.9197145,-37.08604227,175.9785278,-37.48899576
Mainland Island 63,Mainland Mooring 8,1556,1088,1,0.01496334,175.9197145,-37.08604227,176.0536736,-37.63516661
Mainland Island 63,Mainland Mooring 9,1556,1089,1,0.01496334,175.9197145,-37.08604227,176.1834135,-37.66859873
Mainland MR 2,Mainland Mooring 9,1185,1089,1,0.01496334,176.2608625,-37.26126482,176.1834135,-37.66859873
Mainland Mussels 29,Mainland Mooring 9,1625,1089,1,0.01496334,175.3419631,-36.1619629,176.1834135,-37.66859873
Mainland Island 10,Mainland Mooring 9,1471,1089,1,0.01496334,175.7935763,-36.69853323,176.1834135,-37.66859873
Mainland Mooring 28,Mainland Mooring 9,1108,1089,2,0.02992668,175.7728926,-36.60053899,176.1834135,-37.66859873
Mainland Mooring 32,Mainland Mooring 9,1112,1089,5,0.074816699,175.8764112,-37.19695687,176.1834135,-37.66859873
Mainland Mooring 36,Mainland MR 19,1116,1203,2,0.02992668,174.2344349,-35.23128279,174.3933379,-35.793184
Mainland MR 37,Mainland MR 19,1221,1203,1,0.01496334,174.7947224,-36.26481851,174.3933379,-35.793184
Mainland CHS 8,Mainland MR 19,1232,1203,1,0.01496334,174.4837679,-35.97259011,174.3933379,-35.793184
Mainland Mooring 52,Mainland MR 19,1132,1203,6,0.089780039,175.345222,-36.16394119,174.3933379,-35.793184
Mainland Mooring 51,Mainland MR 19,1131,1203,1,0.01496334,175.3949998,-36.26189717,174.3933379,-35.793184
Mainland Island 63,Mainland MR 2,1556,1185,7,0.104743379,175.9197145,-37.08604227,176.2608625,-37.26126482
Mainland Mooring 28,Mainland MR 2,1108,1185,2,0.02992668,175.7728926,-36.60053899,176.2608625,-37.26126482
Mainland Mooring 32,Mainland MR 2,1112,1185,1,0.01496334,175.8764112,-37.19695687,176.2608625,-37.26126482
Mainland Mooring 51,Mainland MR 2,1131,1185,1,0.01496334,175.3949998,-36.26189717,176.2608625,-37.26126482
Mainland Marina 11,Mainland MR 2,1063,1185,37,0.553643573,175.7063407,-36.82209969,176.2608625,-37.26126482
Mainland Oysters 19,Mainland MR 2,1677,1185,1,0.01496334,175.6961025,-36.82228676,176.2608625,-37.26126482
Mainland Mussels 29,Mainland MR 23,1625,1207,6,0.089780039,175.3419631,-36.1619629,175.7916131,-36.81974085
Mainland Mooring 30,Mainland MR 23,1110,1207,1,0.01496334,175.7147573,-36.82193521,175.7916131,-36.81974085
Mainland Mooring 65,Mainland MR 3,1145,1186,1,0.01496334,174.8290975,-36.42373967,174.8403369,-36.35809371
Mainland Mooring 51,Mainland MR 37,1131,1221,1,0.01496334,175.3949998,-36.26189717,174.7947224,-36.26481851
Mainland Mooring 50,Mainland MR 38,1130,1222,1,0.01496334,175.4843148,-36.32646577,174.6789778,-36.8681218
Mainland Salmon 12,Mainland MR 39,1676,1223,1,0.01496334,174.8178135,-36.41716521,174.7452518,-36.66511713
Mainland Mooring 51,Mainland MR 39,1131,1223,1,0.01496334,175.3949998,-36.26189717,174.7452518,-36.66511713
Mainland Mooring 46,Mainland MR 4,1126,1187,2,0.02992668,174.3886828,-35.39075876,174.7214806,-35.48802768
Mainland Mooring 52,Mainland MR 4,1132,1187,2,0.02992668,175.345222,-36.16394119,174.7214806,-35.48802768
Mainland Mooring 42,Mainland MR 4,1122,1187,6,0.089780039,174.5217148,-35.83060401,174.7214806,-35.48802768
Mainland Mooring 47,Mainland MR 4,1127,1187,1,0.01496334,174.3411403,-35.3128583,174.7214806,-35.48802768
Mainland Oysters 22,Mainland MR 4,1684,1187,1,0.01496334,174.222284,-35.22000934,174.7214806,-35.48802768
Mainland Mooring 36,Mainland MR 4,1116,1187,2,0.02992668,174.2344349,-35.23128279,174.7214806,-35.48802768
Mainland Mooring 51,Mainland Mussels 18,1131,1627,1,0.01496334,175.3949998,-36.26189717,175.4369037,-36.74994991
Mainland Mussels 48,Mainland Mussels 18,1678,1627,4,0.059853359,175.3993694,-36.69642505,175.4369037,-36.74994991
Mainland Mooring 28,Mainland Mussels 19,1108,1628,1,0.01496334,175.7728926,-36.60053899,175.6247887,-36.66511713
Mainland Marina 12,Mainland Mussels 19,1064,1628,1,0.01496334,175.8601196,-37.00047603,175.6247887,-36.66511713
Mainland Mooring 27,Mainland Mussels 19,1107,1628,2,0.02992668,175.465709,-36.52258606,175.6247887,-36.66511713
Mainland Oysters 9,Mainland Mussels 22,1645,1632,1,0.01496334,175.6406363,-36.70426233,175.4674524,-36.51428026
Mainland Mooring 28,Mainland Mussels 22,1108,1632,5,0.074816699,175.7728926,-36.60053899,175.4674524,-36.51428026
Mainland Island 76,Mainland Mussels 22,1568,1632,2,0.02992668,175.3662661,-36.4419488,175.4674524,-36.51428026
Mainland Island 79,Mainland Mussels 29,1571,1625,2,0.02992668,175.4705181,-36.13340149,175.3419631,-36.1619629
Mainland Mooring 28,Mainland Mussels 29,1108,1625,32,0.478826874,175.7728926,-36.60053899,175.3419631,-36.1619629
Mainland Marina 1,Mainland Mussels 29,1053,1625,1,0.01496334,173.7419182,-35.06394306,175.3419631,-36.1619629
Mainland Island 82,Mainland Mussels 29,1475,1625,7,0.104743379,175.1045345,-35.91000549,175.3419631,-36.1619629
Mainland Mooring 52,Mainland Mussels 29,1132,1625,20,0.299266796,175.345222,-36.16394119,175.3419631,-36.1619629
Mainland Mooring 51,Mainland Mussels 29,1131,1625,6,0.089780039,175.3949998,-36.26189717,175.3419631,-36.1619629
Mainland Mooring 41,Mainland Mussels 29,1121,1625,2,0.02992668,174.5511198,-35.62076887,175.3419631,-36.1619629
Mainland CHS 63,Mainland Mussels 29,1287,1625,2,0.02992668,175.4310681,-36.10812881,175.3419631,-36.1619629
Mainland Beach 29,Mainland Mussels 29,1395,1625,1,0.01496334,175.4821611,-36.15459448,175.3419631,-36.1619629
Mainland Island 75,Mainland Mussels 3,1567,1608,1,0.01496334,174.8898796,-36.60081384,175.066164,-36.83727495
Mainland Mooring 61,Mainland Mussels 3,1141,1608,5,0.074816699,175.1652109,-36.84364404,175.066164,-36.83727495
Mainland Oysters 16,Mainland Mussels 3,1597,1608,5,0.074816699,175.1699538,-36.80293957,175.066164,-36.83727495
Mainland Mooring 51,Mainland Mussels 3,1131,1608,1,0.01496334,175.3949998,-36.26189717,175.066164,-36.83727495
Mainland Mooring 28,Mainland Mussels 36,1108,1644,1,0.01496334,175.7728926,-36.60053899,175.4156267,-36.9193918
Mainland Mooring 51,Mainland Mussels 36,1131,1644,1,0.01496334,175.3949998,-36.26189717,175.4156267,-36.9193918
Mainland Mooring 58,Mainland Mussels 37,1138,1655,4,0.059853359,174.9849346,-36.75476649,175.4170709,-36.83478105
Mainland Aquaculture 4,Mainland Mussels 37,1689,1655,1,0.01496334,175.4513903,-36.73294846,175.4170709,-36.83478105
Mainland Mooring 44,Mainland Mussels 45,1124,1669,1,0.01496334,173.767753,-35.00289248,173.167434,-34.80671724
Mainland Beach 29,Mainland Mussels 48,1395,1678,1,0.01496334,175.4821611,-36.15459448,175.3993694,-36.69642505
Mainland CHS 11,Mainland Mussels 48,1235,1678,3,0.044890019,175.4108473,-36.58847647,175.3993694,-36.69642505
Mainland Mooring 51,Mainland Mussels 48,1131,1678,2,0.02992668,175.3949998,-36.26189717,175.3993694,-36.69642505
Mainland Salmon 12,Mainland Mussels 54,1676,1694,1,0.01496334,174.8178135,-36.41716521,175.1696467,-36.80611424
Mainland Island 11,Mainland Mussels 54,1472,1694,1,0.01496334,175.8746827,-36.64255099,175.1696467,-36.80611424
Mainland Mussels 48,Mainland Mussels 54,1678,1694,1,0.01496334,175.3993694,-36.69642505,175.1696467,-36.80611424
Mainland Aquaculture 4,Mainland Mussels 54,1689,1694,1,0.01496334,175.4513903,-36.73294846,175.1696467,-36.80611424
Mainland Mooring 51,Mainland Mussels 54,1131,1694,1,0.01496334,175.3949998,-36.26189717,175.1696467,-36.80611424
Mainland Oysters 16,Mainland Mussels 54,1597,1694,8,0.119706719,175.1699538,-36.80293957,175.1696467,-36.80611424
Mainland Mooring 25,Mainland Mussels 54,1105,1694,21,0.314230136,175.434167,-36.82463204,175.1696467,-36.80611424
Mainland Mooring 52,Mainland Oysters 1,1132,1596,2,0.02992668,175.345222,-36.16394119,174.7276899,-36.49169211
Mainland Mooring 58,Mainland Oysters 1,1138,1596,4,0.059853359,174.9849346,-36.75476649,174.7276899,-36.49169211
Mainland Mooring 50,Mainland Oysters 1,1130,1596,1,0.01496334,175.4843148,-36.32646577,174.7276899,-36.49169211
Mainland Mooring 65,Mainland Oysters 1,1145,1596,24,0.359120156,174.8290975,-36.42373967,174.7276899,-36.49169211
Mainland Mooring 51,Mainland Oysters 1,1131,1596,3,0.044890019,175.3949998,-36.26189717,174.7276899,-36.49169211
Mainland Aquaculture 3,Mainland Oysters 12,1679,1663,11,0.164596738,174.091542,-35.22973932,174.0151343,-35.11777579
Mainland Mooring 44,Mainland Oysters 12,1124,1663,1,0.01496334,173.767753,-35.00289248,174.0151343,-35.11777579
Mainland Oysters 21,Mainland Oysters 12,1683,1663,9,0.134670058,174.1287836,-35.2517752,174.0151343,-35.11777579
Mainland Mooring 37,Mainland Oysters 12,1117,1663,1,0.01496334,174.0281519,-35.11777579,174.0151343,-35.11777579
Mainland Mooring 36,Mainland Oysters 12,1116,1663,7,0.104743379,174.2344349,-35.23128279,174.0151343,-35.11777579
Mainland Mooring 65,Mainland Oysters 12,1145,1663,1,0.01496334,174.8290975,-36.42373967,174.0151343,-35.11777579
Mainland Beach 75,Mainland Oysters 14,1444,1666,1,0.01496334,173.388053,-34.80824802,173.3179956,-34.90895024
Mainland Marina 1,Mainland Oysters 14,1053,1666,1,0.01496334,173.7419182,-35.06394306,173.3179956,-34.90895024
Mainland Mooring 51,Mainland Oysters 16,1131,1597,2,0.02992668,175.3949998,-36.26189717,175.1699538,-36.80293957
Mainland Mooring 58,Mainland Oysters 16,1138,1597,18,0.269340117,174.9849346,-36.75476649,175.1699538,-36.80293957
Mainland Mooring 25,Mainland Oysters 16,1105,1597,11,0.164596738,175.434167,-36.82463204,175.1699538,-36.80293957
Mainland Mooring 28,Mainland Oysters 16,1108,1597,1,0.01496334,175.7728926,-36.60053899,175.1699538,-36.80293957
Mainland Mooring 65,Mainland Oysters 16,1145,1597,11,0.164596738,174.8290975,-36.42373967,175.1699538,-36.80293957
Mainland Aquaculture 4,Mainland Oysters 16,1689,1597,4,0.059853359,175.4513903,-36.73294846,175.1699538,-36.80293957
Mainland Mooring 50,Mainland Oysters 16,1130,1597,3,0.044890019,175.4843148,-36.32646577,175.1699538,-36.80293957
Mainland Marina 10,Mainland Oysters 16,1062,1597,9,0.134670058,174.9243674,-36.88052382,175.1699538,-36.80293957
Mainland Oysters 17,Mainland Oysters 16,1599,1597,5,0.074816699,175.1250922,-36.83929055,175.1699538,-36.80293957
Mainland CHS 11,Mainland Oysters 16,1235,1597,1,0.01496334,175.4108473,-36.58847647,175.1699538,-36.80293957
Mainland Marina 6,Mainland Oysters 16,1058,1597,8,0.119706719,174.7883551,-36.62095278,175.1699538,-36.80293957
Mainland Mooring 27,Mainland Oysters 16,1107,1597,5,0.074816699,175.465709,-36.52258606,175.1699538,-36.80293957
Mainland Mooring 59,Mainland Oysters 17,1139,1599,6,0.089780039,175.0339161,-36.82694775,175.1250922,-36.83929055
Mainland Mooring 28,Mainland Oysters 17,1108,1599,1,0.01496334,175.7728926,-36.60053899,175.1250922,-36.83929055
Mainland Mooring 51,Mainland Oysters 17,1131,1599,2,0.02992668,175.3949998,-36.26189717,175.1250922,-36.83929055
Mainland Mooring 65,Mainland Oysters 18,1145,1607,5,0.074816699,174.8290975,-36.42373967,174.7452518,-36.41575414
Mainland Beach 10,Mainland Oysters 19,1376,1677,5,0.074816699,175.7914444,-36.69344444,175.6961025,-36.82228676
Mainland Mooring 52,Mainland Oysters 19,1132,1677,1,0.01496334,175.345222,-36.16394119,175.6961025,-36.82228676
Mainland Mooring 28,Mainland Oysters 19,1108,1677,6,0.089780039,175.7728926,-36.60053899,175.6961025,-36.82228676
Mainland Mooring 44,Mainland Oysters 21,1124,1683,8,0.119706719,173.767753,-35.00289248,174.1287836,-35.2517752
Mainland Mooring 58,Mainland Oysters 21,1138,1683,1,0.01496334,174.9849346,-36.75476649,174.1287836,-35.2517752
Mainland Mooring 35,Mainland Oysters 21,1115,1683,16,0.239413437,174.1158118,-35.24542248,174.1287836,-35.2517752
Mainland Mooring 50,Mainland Oysters 21,1130,1683,1,0.01496334,175.4843148,-36.32646577,174.1287836,-35.2517752
Mainland Mooring 28,Mainland Oysters 21,1108,1683,1,0.01496334,175.7728926,-36.60053899,174.1287836,-35.2517752
Mainland Mooring 47,Mainland Oysters 21,1127,1683,39,0.583570253,174.3411403,-35.3128583,174.1287836,-35.2517752
Mainland Island 84,Mainland Oysters 21,1477,1683,36,0.538680233,174.4612136,-35.47498265,174.1287836,-35.2517752
Mainland Mooring 52,Mainland Oysters 21,1132,1683,4,0.059853359,175.345222,-36.16394119,174.1287836,-35.2517752
Mainland Mooring 41,Mainland Oysters 21,1121,1683,33,0.493790214,174.5511198,-35.62076887,174.1287836,-35.2517752
Mainland Aquaculture 3,Mainland Oysters 21,1679,1683,76,1.137213826,174.091542,-35.22973932,174.1287836,-35.2517752
Mainland Mooring 49,Mainland Oysters 21,1129,1683,3,0.044890019,174.80468,-36.30038057,174.1287836,-35.2517752
Mainland Oysters 12,Mainland Oysters 21,1663,1683,1,0.01496334,174.0151343,-35.11777579,174.1287836,-35.2517752
Mainland Mooring 36,Mainland Oysters 21,1116,1683,40,0.598533593,174.2344349,-35.23128279,174.1287836,-35.2517752
Mainland Oysters 22,Mainland Oysters 21,1684,1683,58,0.867873709,174.222284,-35.22000934,174.1287836,-35.2517752
Mainland Mooring 36,Mainland Oysters 22,1116,1684,42,0.628460272,174.2344349,-35.23128279,174.222284,-35.22000934
Mainland Mooring 28,Mainland Oysters 22,1108,1684,1,0.01496334,175.7728926,-36.60053899,174.222284,-35.22000934
Mainland Mooring 45,Mainland Oysters 22,1125,1684,1,0.01496334,173.9259023,-35.02296557,174.222284,-35.22000934
Mainland Salmon 12,Mainland Oysters 22,1676,1684,1,0.01496334,174.8178135,-36.41716521,174.222284,-35.22000934
Mainland Mooring 46,Mainland Oysters 22,1126,1684,3,0.044890019,174.3886828,-35.39075876,174.222284,-35.22000934
Mainland Mooring 50,Mainland Oysters 22,1130,1684,1,0.01496334,175.4843148,-36.32646577,174.222284,-35.22000934
Mainland Mooring 51,Mainland Oysters 22,1131,1684,2,0.02992668,175.3949998,-36.26189717,174.222284,-35.22000934
Mainland Oysters 21,Mainland Oysters 22,1683,1684,52,0.778093671,174.1287836,-35.2517752,174.222284,-35.22000934
Mainland Mooring 44,Mainland Oysters 22,1124,1684,6,0.089780039,173.767753,-35.00289248,174.222284,-35.22000934
Mainland Mooring 41,Mainland Oysters 22,1121,1684,4,0.059853359,174.5511198,-35.62076887,174.222284,-35.22000934
Mainland Mooring 60,Mainland Oysters 22,1140,1684,1,0.01496334,175.0542783,-36.77993391,174.222284,-35.22000934
Mainland Marina 2,Mainland Oysters 22,1054,1684,14,0.209486757,174.1034276,-35.24046385,174.222284,-35.22000934
Mainland Oysters 12,Mainland Oysters 22,1663,1684,6,0.089780039,174.0151343,-35.11777579,174.222284,-35.22000934
Mainland CHS 11,Mainland Oysters 22,1235,1684,1,0.01496334,175.4108473,-36.58847647,174.222284,-35.22000934
Mainland Mooring 65,Mainland Oysters 23,1145,1685,6,0.089780039,174.8290975,-36.42373967,174.4599966,-35.81785382
Mainland Mooring 52,Mainland Oysters 23,1132,1685,2,0.02992668,175.345222,-36.16394119,174.4599966,-35.81785382
Mainland Mooring 47,Mainland Oysters 23,1127,1685,1,0.01496334,174.3411403,-35.3128583,174.4599966,-35.81785382
Mainland MR 19,Mainland Oysters 23,1203,1685,3,0.044890019,174.3933379,-35.793184,174.4599966,-35.81785382
Mainland Mooring 50,Mainland Oysters 23,1130,1685,1,0.01496334,175.4843148,-36.32646577,174.4599966,-35.81785382
Mainland Mooring 51,Mainland Oysters 23,1131,1685,1,0.01496334,175.3949998,-36.26189717,174.4599966,-35.81785382
Mainland Mooring 36,Mainland Oysters 23,1116,1685,6,0.089780039,174.2344349,-35.23128279,174.4599966,-35.81785382
Mainland Mooring 27,Mainland Oysters 5,1107,1603,1,0.01496334,175.465709,-36.52258606,175.4346186,-36.81816769
Mainland Mooring 50,Mainland Oysters 5,1130,1603,1,0.01496334,175.4843148,-36.32646577,175.4346186,-36.81816769
Mainland Mooring 61,Mainland Oysters 6,1141,1604,3,0.044890019,175.1652109,-36.84364404,175.4885472,-36.76035763
Mainland Island 72,Mainland Oysters 6,1564,1604,1,0.01496334,175.1703413,-36.72299274,175.4885472,-36.76035763
Mainland Mooring 51,Mainland Oysters 6,1131,1604,1,0.01496334,175.3949998,-36.26189717,175.4885472,-36.76035763
Mainland Mooring 52,Mainland Oysters 6,1132,1604,2,0.02992668,175.345222,-36.16394119,175.4885472,-36.76035763
Mainland Oysters 22,Mainland Oysters 7,1684,1606,10,0.149633398,174.222284,-35.22000934,173.7706299,-35.00049942
Mainland Mooring 36,Mainland Oysters 7,1116,1606,2,0.02992668,174.2344349,-35.23128279,173.7706299,-35.00049942
Mainland Beach 24,Mainland Oysters 9,1390,1645,1,0.01496334,175.4841941,-36.24546418,175.6406363,-36.70426233
Mainland Mooring 28,Mainland Salmon 12,1108,1676,1,0.01496334,175.7728926,-36.60053899,174.8178135,-36.41716521
Mainland Mooring 50,Mainland Salmon 12,1130,1676,1,0.01496334,175.4843148,-36.32646577,174.8178135,-36.41716521
Mainland Mooring 58,Mainland Salmon 12,1138,1676,10,0.149633398,174.9849346,-36.75476649,174.8178135,-36.41716521
Mainland Mooring 51,Mainland Salmon 12,1131,1676,3,0.044890019,175.3949998,-36.26189717,174.8178135,-36.41716521
Mainland Mooring 52,Mainland Salmon 12,1132,1676,5,0.074816699,175.345222,-36.16394119,174.8178135,-36.41716521
Mainland Mooring 60,Mainland Salmon 12,1140,1676,5,0.074816699,175.0542783,-36.77993391,174.8178135,-36.41716521
Mainland Mooring 41,Mainland Salmon 12,1121,1676,1,0.01496334,174.5511198,-35.62076887,174.8178135,-36.41716521
Mainland Oysters 1,Mainland Salmon 12,1596,1676,6,0.089780039,174.7276899,-36.49169211,174.8178135,-36.41716521
Mainland Oysters 21,Mainland Salmon 12,1683,1676,2,0.02992668,174.1287836,-35.2517752,174.8178135,-36.41716521
Mainland Mussels 29,Mainland Salmon 12,1625,1676,5,0.074816699,175.3419631,-36.1619629,174.8178135,-36.41716521
